Title,Media URL,Pinterest board,Thumbnail,Description,Link,Publish date,Keywords,Pin URL
the social media templates are designed to look like they have been created in photoshopped ‚ú®121,https://i.pinimg.com/236x/c3/53/2d/c3532dcade4529251ce026ba12bb0d8e.jpg,Modern Canva Templates for Entrepreneurs,,"Nov 1, 2025 - Design eye-catching social media posts with minimalist art and quotes using Canva! Perfect for simple, elegant Facebook ads, social media packs, and templates. üé®‚ú® Simple tips to craft 5+ stunning posts in minutes. Stand out with clean, professional layouts. Ideal for marketers and content creators aiming for sleek, impactful visuals! üì±üí°",https://sites.google.com/view/socialglowstudio/?q=the+social+media+templates+are+designed+to+look+like+they+have+been+created+in+photoshopped+%E2%9C%A8121,2026-01-28 19:44:00,"social media design graphics,social media design inspiration,social media designs,social media design ideas,social media design graphics posts,social media design post,social media design ads,social media design background,social media design template,social media design graphics marketing",https://www.pinterest.com/pin/1099933909020890571/
"Sushi Design Ideas, Feed Instagram Food Design, Food Product Poster, Food Poster Ideas, Menu Design Restaurant, Dimsum Poster Design, Flyer Makanan, Food Poster Design Graphics, Ramadan Food Delivery ‚ú®448",https://i.pinimg.com/236x/f3/50/8c/f3508c8f954ada3cd5687aeb65e234e3.jpg,Modern Canva Templates for Entrepreneurs,,"Jul 1, 2025 - üçΩÔ∏è‚ú® Looking for a free Instagram Canva template perfect for your restaurant? This stylish and easy-to-edit design helps you create eye-catching posts and stories to showcase your menu and attract new customers.üé® Quickly customize with your photos, logo,...",https://sites.google.com/view/socialglowstudio/?q=Sushi+Design+Ideas%2C+Feed+Instagram+Food+Design%2C+Food+Product+Poster%2C+Food+Poster+Ideas%2C+Menu+Design+Restaurant%2C+Dimsum+Poster+Design%2C+Flyer+Makanan%2C+Food+Poster+Design+Graphics%2C+Ramadan+Food+Delivery+%E2%9C%A8448,2026-01-28 21:28:00,"social media design graphics,social media design inspiration,social media designs,social media design ideas,social media design graphics posts,social media design post,social media design ads,social media design background,social media design template,social media design graphics marketing",https://www.pinterest.com/pin/17662623533702641/
the social media post is shown with different images ‚ú®946,https://i.pinimg.com/236x/a9/7c/03/a97c0334d96fdc281cbaaf1893916842.jpg,Modern Canva Templates for Entrepreneurs,,"Click here and download 30658+ different graphic Social Media Templates. Windows, Mac, Linux ‚úì Licence included with all files ‚úì",https://sites.google.com/view/socialglowstudio/?q=the+social+media+post+is+shown+with+different+images+%E2%9C%A8946,2026-01-28 23:19:00,"social media design graphics,social media design inspiration,social media designs,social media design ideas,social media design graphics posts,social media design post,social media design ads,social media design background,social media design template,social media design graphics marketing",https://www.pinterest.com/pin/746964288358190629/
"an advertisement for a car detailing company with blue and black graphics on the front, two men ‚ú®450",https://i.pinimg.com/236x/ba/1c/07/ba1c078704143b43b8d12e478b5ba078.jpg,Modern Canva Templates for Entrepreneurs,,"Jul 5, 2025 - Instagram is a huge social network with over 1 million activeusers ‚Äì a user base that is continuing to grow even now with no signs of slowing down. It is quick to manage thanks to its largely visual nature, and has some of the best engagement on the web.Many companies use Instagram to boost their products and services ‚Ä¶",https://sites.google.com/view/socialglowstudio/?q=an+advertisement+for+a+car+detailing+company+with+blue+and+black+graphics+on+the+front%2C+two+men+%E2%9C%A8450,2026-01-29 01:09:00,"social media design graphics,social media design inspiration,social media designs,social media design ideas,social media design graphics posts,social media design post,social media design ads,social media design background,social media design template,social media design graphics marketing",https://www.pinterest.com/pin/12947917675159082/
"Post Design. The Flow of Solacea üåê #AutomateYourLife #EfficientAutomation #StreamlineYourTasks #SimplifyYourRoutine #TimeSavingAutomation.. Instagram Product Post Ideas, Instagram Campaign Post Ideas, Giveaway Aesthetic Post, Beauty Social Media Post Design, Beauty Social Media Design, Beauty Brand Social Media Post, Cosmetics Social Media, Cosmetics Social Media Post, Beauty Product Social Media Post ‚ú®227",https://i.pinimg.com/236x/79/d0/2c/79d02cd68d9d0810770bf05d80785aec.jpg,Modern Canva Templates for Entrepreneurs,,How Make.com Revolutionizes Both Business and Daily Tasks,https://sites.google.com/view/socialglowstudio/?q=Post+Design.+The+Flow+of+Solacea+%F0%9F%8C%90+%23AutomateYourLife+%23EfficientAutomation+%23StreamlineYourTasks+%23SimplifyYourRoutine+%23TimeSavingAutomation..+Instagram+Product+Post+Ideas%2C+Instagram+Campaign+Post+Ideas%2C+Giveaway+Aesthetic+Post%2C+Beauty+Social+Media+Post+Design%2C+Beauty+Social+Media+Design%2C+Beauty+Brand+Social+Media+Post%2C+Cosmetics+Social+Media%2C+Cosmetics+Social+Media+Post%2C+Beauty+Product+Social+Media+Post+%E2%9C%A8227,2026-01-29 03:09:00,"social media design graphics,social media design inspiration,social media designs,social media design ideas,social media design graphics posts,social media design post,social media design ads,social media design background,social media design template,social media design graphics marketing",https://www.pinterest.com/pin/795307615484521777/
"Sushi Design Ideas, Feed Instagram Food Design, Food Product Poster, Food Poster Ideas, Menu Design Restaurant, Dimsum Poster Design, Flyer Makanan, Food Poster Design Graphics, Ramadan Food Delivery ‚ú®227",https://i.pinimg.com/236x/f3/50/8c/f3508c8f954ada3cd5687aeb65e234e3.jpg,Modern Canva Templates for Entrepreneurs,,"Jul 1, 2025 - üçΩÔ∏è‚ú® Looking for a free Instagram Canva template perfect for your restaurant? This stylish and easy-to-edit design helps you create eye-catching posts and stories to showcase your menu and attract new customers.üé® Quickly customize with your photos, logo,...",https://sites.google.com/view/socialglowstudio/?q=Sushi+Design+Ideas%2C+Feed+Instagram+Food+Design%2C+Food+Product+Poster%2C+Food+Poster+Ideas%2C+Menu+Design+Restaurant%2C+Dimsum+Poster+Design%2C+Flyer+Makanan%2C+Food+Poster+Design+Graphics%2C+Ramadan+Food+Delivery+%E2%9C%A8227,2026-01-29 04:42:00,"social media design graphics,social media design inspiration,social media designs,social media design ideas,social media design graphics posts,social media design post,social media design ads,social media design background,social media design template,social media design graphics marketing",https://www.pinterest.com/pin/17662623533702641/
the social media post is shown with different images ‚ú®345,https://i.pinimg.com/236x/a9/7c/03/a97c0334d96fdc281cbaaf1893916842.jpg,Modern Canva Templates for Entrepreneurs,,"Click here and download 30658+ different graphic Social Media Templates. Windows, Mac, Linux ‚úì Licence included with all files ‚úì",https://sites.google.com/view/socialglowstudio/?q=the+social+media+post+is+shown+with+different+images+%E2%9C%A8345,2026-01-29 06:36:00,"social media design graphics,social media design inspiration,social media designs,social media design ideas,social media design graphics posts,social media design post,social media design ads,social media design background,social media design template,social media design graphics marketing",https://www.pinterest.com/pin/746964288358190629/
"an advertisement for a car detailing company with blue and black graphics on the front, two men ‚ú®977",https://i.pinimg.com/236x/ba/1c/07/ba1c078704143b43b8d12e478b5ba078.jpg,Modern Canva Templates for Entrepreneurs,,"Jul 5, 2025 - Instagram is a huge social network with over 1 million activeusers ‚Äì a user base that is continuing to grow even now with no signs of slowing down. It is quick to manage thanks to its largely visual nature, and has some of the best engagement on the web.Many companies use Instagram to boost their products and services ‚Ä¶",https://sites.google.com/view/socialglowstudio/?q=an+advertisement+for+a+car+detailing+company+with+blue+and+black+graphics+on+the+front%2C+two+men+%E2%9C%A8977,2026-01-29 08:30:00,"social media design graphics,social media design inspiration,social media designs,social media design ideas,social media design graphics posts,social media design post,social media design ads,social media design background,social media design template,social media design graphics marketing",https://www.pinterest.com/pin/12947917675159082/
"Post Design. The Flow of Solacea üåê #AutomateYourLife #EfficientAutomation #StreamlineYourTasks #SimplifyYourRoutine #TimeSavingAutomation.. Instagram Product Post Ideas, Instagram Campaign Post Ideas, Giveaway Aesthetic Post, Beauty Social Media Post Design, Beauty Social Media Design, Beauty Brand Social Media Post, Cosmetics Social Media, Cosmetics Social Media Post, Beauty Product Social Media Post ‚ú®125",https://i.pinimg.com/236x/79/d0/2c/79d02cd68d9d0810770bf05d80785aec.jpg,Modern Canva Templates for Entrepreneurs,,How Make.com Revolutionizes Both Business and Daily Tasks,https://sites.google.com/view/socialglowstudio/?q=Post+Design.+The+Flow+of+Solacea+%F0%9F%8C%90+%23AutomateYourLife+%23EfficientAutomation+%23StreamlineYourTasks+%23SimplifyYourRoutine+%23TimeSavingAutomation..+Instagram+Product+Post+Ideas%2C+Instagram+Campaign+Post+Ideas%2C+Giveaway+Aesthetic+Post%2C+Beauty+Social+Media+Post+Design%2C+Beauty+Social+Media+Design%2C+Beauty+Brand+Social+Media+Post%2C+Cosmetics+Social+Media%2C+Cosmetics+Social+Media+Post%2C+Beauty+Product+Social+Media+Post+%E2%9C%A8125,2026-01-29 10:08:00,"social media design graphics,social media design inspiration,social media designs,social media design ideas,social media design graphics posts,social media design post,social media design ads,social media design background,social media design template,social media design graphics marketing",https://www.pinterest.com/pin/795307615484521777/
Social media post ‚ú®180,https://i.pinimg.com/236x/69/c0/23/69c023bcb57be4466dd2139ebd372b75.jpg,Modern Canva Templates for Entrepreneurs,,"Advertising, Graphic Design, Illustration, Adobe Photoshop, Adobe Illustrator, Adobe Stock",https://sites.google.com/view/socialglowstudio/?q=Social+media+post+%E2%9C%A8180,2026-01-29 11:50:00,"social media design graphics,social media design inspiration,social media designs,social media design ideas,social media design graphics posts,social media design post,social media design ads,social media design background,social media design template,social media design graphics marketing",https://www.pinterest.com/pin/404479610304964765/
"Looking ahead to 2025? This pin explores fresh, innovative Instagram feed ideas to keep your content captivating and ahead of the curve. Discover trending aesthetics, engaging formats, and strategic posting techniques to maximize your reach and grow your audience. From bold visuals to interactive stories, find inspiration to elevate your Instagram presence in the new year and beyond. Get ahead of the game ‚Äì plan your 2025 Instagram feed now. Feed Post Ideas, Template Instagram Post, Instagram Feed Ideas Business, Social Media Feed Design, Shop Banner Design Ideas, Nike Instagram Feed, Event Instagram Feed, Brand Instagram Feed Ideas, Post Instagram Design ‚ú®164",https://i.pinimg.com/236x/df/15/32/df153244956464836801459c2b596dfc.jpg,Modern Canva Templates for Entrepreneurs,,"18 nov 2024 - Instagram is a huge social network with over 1 million activeusers ‚Äì a user base that is continuing to grow even now with no signs of slowing down. It is quick to manage thanks to its largely visual nature, and has some of the best engagement on the web.Many companies use Instagram to boost their products and services ‚Ä¶",https://sites.google.com/view/socialglowstudio/?q=Looking+ahead+to+2025%3F+This+pin+explores+fresh%2C+innovative+Instagram+feed+ideas+to+keep+your+content+captivating+and+ahead+of+the+curve.+Discover+trending+aesthetics%2C+engaging+formats%2C+and+strategic+posting+techniques+to+maximize+your+reach+and+grow+your+audience.+From+bold+visuals+to+interactive+stories%2C+find+inspiration+to+elevate+your+Instagram+presence+in+the+new+year+and+beyond.+Get+ahead+of+the+game+%E2%80%93+plan+your+2025+Instagram+feed+now.+Feed+Post+Ideas%2C+Template+Instagram+Post%2C+Instagram+Feed+Ideas+Business%2C+Social+Media+Feed+Design%2C+Shop+Banner+Design+Ideas%2C+Nike+Instagram+Feed%2C+Event+Instagram+Feed%2C+Brand+Instagram+Feed+Ideas%2C+Post+Instagram+Design+%E2%9C%A8164,2026-01-29 13:37:00,"social media design graphics,social media design inspiration,social media designs,social media design ideas,social media design graphics posts,social media design post,social media design ads,social media design background,social media design template,social media design graphics marketing",https://www.pinterest.com/pin/114208540547361830/
a white poster with the words'70 killer content ideas to post on social media ‚ú®308,https://i.pinimg.com/236x/cd/60/72/cd6072bf41e418d8447b305354723e18.jpg,Modern Canva Templates for Entrepreneurs,,"Mar 7, 2025 - My name is Alena. I am an artist. The main theme of my work is female beauty.",https://sites.google.com/view/socialglowstudio/?q=a+white+poster+with+the+words%2770+killer+content+ideas+to+post+on+social+media+%E2%9C%A8308,2026-01-29 15:32:00,"social media design graphics,social media design inspiration,social media designs,social media design ideas,social media design graphics posts,social media design post,social media design ads,social media design background,social media design template,social media design graphics marketing",https://www.pinterest.com/pin/1025061565190098094/
a white poster with the words how to create a killer social media marketing strategy on it ‚ú®153,https://i.pinimg.com/236x/7a/87/44/7a8744f456a1ee85375030293dec8cf2.jpg,Modern Canva Templates for Entrepreneurs,,"Jan 7, 2025 - Discover how to grow your business with a proven social media marketing strategy that drives real results and improves online sales.",https://sites.google.com/view/socialglowstudio/?q=a+white+poster+with+the+words+how+to+create+a+killer+social+media+marketing+strategy+on+it+%E2%9C%A8153,2026-01-29 17:13:00,"social media design graphics,social media design inspiration,social media designs,social media design ideas,social media design graphics posts,social media design post,social media design ads,social media design background,social media design template,social media design graphics marketing",https://www.pinterest.com/pin/9359111722002078/
an image of the back cover of a magazine or brochure with yellow and black colors ‚ú®347,https://i.pinimg.com/236x/c1/a9/37/c1a9373e734b0d6d7846a249bd5c8b78.jpg,Modern Canva Templates for Entrepreneurs,,"Fiverr freelancer will provide Web Banners services and design web banner kit, ads, hero image, header, and slider including Source file within 1 day",https://sites.google.com/view/socialglowstudio/?q=an+image+of+the+back+cover+of+a+magazine+or+brochure+with+yellow+and+black+colors+%E2%9C%A8347,2026-01-29 19:04:00,"social media design graphics,social media design inspiration,social media designs,social media design ideas,social media design graphics posts,social media design post,social media design ads,social media design background,social media design template,social media design graphics marketing",https://www.pinterest.com/pin/4574037116648540/
"the collage is made up of many different images and words on it, including one woman's face ‚ú®202",https://i.pinimg.com/236x/c2/3c/e9/c23ce9846c6f1e63a9fe5fee092d45ac.jpg,Modern Canva Templates for Entrepreneurs,,"Aug 26, 2025 - This Pin was discovered by anne.. Discover (and save!) your own Pins on Pinterest",https://sites.google.com/view/socialglowstudio/?q=the+collage+is+made+up+of+many+different+images+and+words+on+it%2C+including+one+woman%27s+face+%E2%9C%A8202,2026-01-29 20:46:00,"social media design graphics,social media design inspiration,social media designs,social media design ideas,social media design graphics posts,social media design post,social media design ads,social media design background,social media design template,social media design graphics marketing",https://www.pinterest.com/pin/7177680652337182/
Designing Social Impact: Kamila Machado's Innovative Studio ‚ú®679,https://i.pinimg.com/236x/f9/0c/6f/f90c6f7a06e53cb33ee7b8afadbe7b01.jpg,Modern Canva Templates for Entrepreneurs,,Get instant access to your social media calendar and boost your marketing. Plan your social media content with a calendar and skyrocket your business.,https://sites.google.com/view/socialglowstudio/?q=Designing+Social+Impact%3A+Kamila+Machado%27s+Innovative+Studio+%E2%9C%A8679,2026-01-29 22:18:00,"social media design graphics,social media design inspiration,social media designs,social media design ideas,social media design graphics posts,social media design post,social media design ads,social media design background,social media design template,social media design graphics marketing",https://www.pinterest.com/pin/49750770880062638/
the back cover of an electronic device with various images and text on it's side ‚ú®228,https://i.pinimg.com/236x/f1/73/ae/f173aebecd9b897c810ce01f5b8a4425.jpg,Modern Canva Templates for Entrepreneurs,,"80 INSTAGRAM POST & STORY TEMPLATES 100% EDITABLE and CUSTOMIZABLE CANVA Templates for Instagram, Facebook, LinkedIn or any other social media platform. Perfect",https://sites.google.com/view/socialglowstudio/?q=the+back+cover+of+an+electronic+device+with+various+images+and+text+on+it%27s+side+%E2%9C%A8228,2026-01-30 00:13:00,"social media design graphics,social media design inspiration,social media designs,social media design ideas,social media design graphics posts,social media design post,social media design ads,social media design background,social media design template,social media design graphics marketing",https://www.pinterest.com/pin/1029776271027558641/
a flyer for a burger restaurant ‚ú®379,https://i.pinimg.com/236x/ed/64/76/ed6476a03d12c57126df49505713514d.jpg,Modern Canva Templates for Entrepreneurs,,Download this premium PSD file for a fast food social media post template. Explore more high-quality graphic design resources on Freepik.,https://sites.google.com/view/socialglowstudio/?q=a+flyer+for+a+burger+restaurant+%E2%9C%A8379,2026-01-30 01:45:00,"social media design graphics,social media design inspiration,social media designs,social media design ideas,social media design graphics posts,social media design post,social media design ads,social media design background,social media design template,social media design graphics marketing",https://www.pinterest.com/pin/1548181153145325/
"Nutrition Marketing Ideas, Wellness Advertising, Creative Social Media Ideas, Social Media Post Business, Interactive Social Media, Creative Design Social Media, Wellness Post Ideas, Nutrition Creativ ‚ú®325",https://i.pinimg.com/236x/96/c9/73/96c973cd954fff81c2fa918b743a4dad.jpg,Modern Canva Templates for Entrepreneurs,,This Pin was discovered by Social Media Design by Prof.. Discover (and save!) your own Pins on Pinterest,https://sites.google.com/view/socialglowstudio/?q=Nutrition+Marketing+Ideas%2C+Wellness+Advertising%2C+Creative+Social+Media+Ideas%2C+Social+Media+Post+Business%2C+Interactive+Social+Media%2C+Creative+Design+Social+Media%2C+Wellness+Post+Ideas%2C+Nutrition+Creativ+%E2%9C%A8325,2026-01-30 03:33:00,"social media design graphics,social media design inspiration,social media designs,social media design ideas,social media design graphics posts,social media design post,social media design ads,social media design background,social media design template,social media design graphics marketing",https://www.pinterest.com/pin/30680841208534266/
a purple and black poster with the words find your style and your self on it ‚ú®176,https://i.pinimg.com/236x/66/68/c3/6668c3885cfef05965ca349e417c7eee.jpg,Modern Canva Templates for Entrepreneurs,,Descarga este PSD Premium de Plantilla de feed de publicaci√≥n din√°mica moderna de Instagram y descubre millones de archivos PSD profesionales en Freepik.,https://sites.google.com/view/socialglowstudio/?q=a+purple+and+black+poster+with+the+words+find+your+style+and+your+self+on+it+%E2%9C%A8176,2026-01-30 05:33:00,"social media design graphics,social media design inspiration,social media designs,social media design ideas,social media design graphics posts,social media design post,social media design ads,social media design background,social media design template,social media design graphics marketing",https://www.pinterest.com/pin/2814818511025608/
"the cover art for an upcoming album, which features images of people and words that appear to be in red ‚ú®947",https://i.pinimg.com/236x/30/0f/79/300f7993e592035e11f61a91d24c0c5b.jpg,Modern Canva Templates for Entrepreneurs,,Readys Social Media Kit ~ Web Elements ~ Creative Market,https://sites.google.com/view/socialglowstudio/?q=the+cover+art+for+an+upcoming+album%2C+which+features+images+of+people+and+words+that+appear+to+be+in+red+%E2%9C%A8947,2026-01-30 07:17:00,"social media design graphics,social media design inspiration,social media designs,social media design ideas,social media design graphics posts,social media design post,social media design ads,social media design background,social media design template,social media design graphics marketing",https://www.pinterest.com/pin/1124281494451171934/
an image of some people that are in the green field with avocados on them ‚ú®870,https://i.pinimg.com/236x/93/8c/c8/938cc81944cf6bddcddc74af5c193569.jpg,Modern Canva Templates for Entrepreneurs,,"Feb 8, 2025 - Graphic Design, Advertising, Creative Direction, Adobe Photoshop, Adobe Illustrator",https://sites.google.com/view/socialglowstudio/?q=an+image+of+some+people+that+are+in+the+green+field+with+avocados+on+them+%E2%9C%A8870,2026-01-30 08:57:00,"social media design graphics,social media design inspiration,social media designs,social media design ideas,social media design graphics posts,social media design post,social media design ads,social media design background,social media design template,social media design graphics marketing",https://www.pinterest.com/pin/492649953690920/
the website is designed to look like it has many different types of people in it ‚ú®222,https://i.pinimg.com/236x/42/b9/9d/42b99d10529dc9b54318e44603cc48d3.jpg,Modern Canva Templates for Entrepreneurs,,"Graphic Design, Illustration, Advertising",https://sites.google.com/view/socialglowstudio/?q=the+website+is+designed+to+look+like+it+has+many+different+types+of+people+in+it+%E2%9C%A8222,2026-01-30 10:35:00,"social media design graphics,social media design inspiration,social media designs,social media design ideas,social media design graphics posts,social media design post,social media design ads,social media design background,social media design template,social media design graphics marketing",https://www.pinterest.com/pin/158329743145569440/
dental flyer templates with toothbrushes and smiling people ‚ú®365,https://i.pinimg.com/236x/06/14/8c/06148c70790a7656c4b5db586f6639fd.jpg,Modern Canva Templates for Entrepreneurs,,"Mar 1, 2025 - Everything about I will be your social media manager and personal assistant in one place. Follow and Connect with I will be your social media manager and personal assistant",https://sites.google.com/view/socialglowstudio/?q=dental+flyer+templates+with+toothbrushes+and+smiling+people+%E2%9C%A8365,2026-01-30 12:20:00,"social media design graphics,social media design inspiration,social media designs,social media design ideas,social media design graphics posts,social media design post,social media design ads,social media design background,social media design template,social media design graphics marketing",https://www.pinterest.com/pin/36380709484501958/
the green houseplants social media post template ‚ú®210,https://i.pinimg.com/236x/34/a4/c4/34a4c486d95ff70cb0a636a2a6578cf4.jpg,Modern Canva Templates for Entrepreneurs,,"Looking for Graphic Design Services? Browse Fiverr Freelancers by skills, reviews, and price. Select the right Freelancer to meet your needs and budget.",https://sites.google.com/view/socialglowstudio/?q=the+green+houseplants+social+media+post+template+%E2%9C%A8210,2026-01-30 13:55:00,"social media design graphics,social media design inspiration,social media designs,social media design ideas,social media design graphics posts,social media design post,social media design ads,social media design background,social media design template,social media design graphics marketing",https://www.pinterest.com/pin/206180489185540389/
a woman standing in front of a sign that says seguro empresiaial ‚ú®630,https://i.pinimg.com/236x/88/e1/c7/88e1c71dabbd235bbdfd63e16d79c4ae.jpg,Modern Canva Templates for Entrepreneurs,,"Apr 4, 2025 - ‚Äú‚Äù is published by Taylor Quinn.",https://sites.google.com/view/socialglowstudio/?q=a+woman+standing+in+front+of+a+sign+that+says+seguro+empresiaial+%E2%9C%A8630,2026-01-30 15:32:00,"social media design graphics,social media design inspiration,social media designs,social media design ideas,social media design graphics posts,social media design post,social media design ads,social media design background,social media design template,social media design graphics marketing",https://www.pinterest.com/pin/35465915812869099/
"Pop Art Social Media Design, Editorial Social Media Design, Graphic Designer Instagram, Music Id, Visual Design Inspiration, Mises En Page Design Graphique, Insta Design, Social Media Branding Design, Instagram Visual ‚ú®236",https://i.pinimg.com/236x/b6/85/a1/b685a1194e3f748e6e4410729b8349a9.jpg,Modern Canva Templates for Entrepreneurs,,"Jul 9, 2025 - Create Unique Instagram Highlight Covers! Discover the Best Templates and Designs to Elevate Your Profile!",https://sites.google.com/view/socialglowstudio/?q=Pop+Art+Social+Media+Design%2C+Editorial+Social+Media+Design%2C+Graphic+Designer+Instagram%2C+Music+Id%2C+Visual+Design+Inspiration%2C+Mises+En+Page+Design+Graphique%2C+Insta+Design%2C+Social+Media+Branding+Design%2C+Instagram+Visual+%E2%9C%A8236,2026-01-30 17:31:00,"social media design graphics,social media design inspiration,social media designs,social media design ideas,social media design graphics posts,social media design post,social media design ads,social media design background,social media design template,social media design graphics marketing",https://www.pinterest.com/pin/2040762328594593/
a woman sitting at a table with a computer on it and the words make your social media branding design pop ‚ú®978,https://i.pinimg.com/236x/63/7c/b9/637cb988b87c205134ed99219764a797.jpg,Modern Canva Templates for Entrepreneurs,,"Oct 28, 2025 - Learn 5 crucial tips to make your social media posts visually appealing and consistent! üéØ Use free templates, follow design guidelines, and focus on brand loyalty to stand out. Whether you're crafting ads or posts, these strategies ensure your brand stays recognizable and memorable. Perfect for marketers aiming for cohesive, eye-catching content. üìà #Branding #SocialMediaDesign",https://sites.google.com/view/socialglowstudio/?q=a+woman+sitting+at+a+table+with+a+computer+on+it+and+the+words+make+your+social+media+branding+design+pop+%E2%9C%A8978,2026-01-30 19:16:00,"social media design graphics,social media design inspiration,social media designs,social media design ideas,social media design graphics posts,social media design post,social media design ads,social media design background,social media design template,social media design graphics marketing",https://www.pinterest.com/pin/1013028509943337803/
several different brochures are displayed on a yellow background ‚ú®776,https://i.pinimg.com/236x/d3/ca/14/d3ca14ba375dd19e8692eaa964445d1a.jpg,Modern Canva Templates for Entrepreneurs,,"Jan 8, 2025 - This Pin was discovered by Gandhi Mateus. Discover (and save!) your own Pins on Pinterest",https://sites.google.com/view/socialglowstudio/?q=several+different+brochures+are+displayed+on+a+yellow+background+%E2%9C%A8776,2026-01-30 20:51:00,"social media design graphics,social media design inspiration,social media designs,social media design ideas,social media design graphics posts,social media design post,social media design ads,social media design background,social media design template,social media design graphics marketing",https://www.pinterest.com/pin/1125968711381168/
an advertisement for social media templates 2013 ‚ú®412,https://i.pinimg.com/236x/85/4f/1c/854f1c12c0b9c3e9421e0dfb52bc2638.jpg,Modern Canva Templates for Entrepreneurs,,"Oct 29, 2025 - Stand out with our premium Instagram templates designed for sophisticated branding. Perfect for blog graphics, pin templates, and social media packs, these designs help you craft a cohesive and stylish aesthetic. Ideal for growth marketing and strategic branding, these free templates streamline your social media presence. ‚ú® Ready to make a lasting impression? Download now and set your brand apart! üìà",https://sites.google.com/view/socialglowstudio/?q=an+advertisement+for+social+media+templates+2013+%E2%9C%A8412,2026-01-30 22:42:00,"social media design graphics,social media design inspiration,social media designs,social media design ideas,social media design graphics posts,social media design post,social media design ads,social media design background,social media design template,social media design graphics marketing",https://www.pinterest.com/pin/947796684091483147/
an advertisement for ear piercings with the words in spanish and english on pink background ‚ú®646,https://i.pinimg.com/236x/93/8b/1c/938b1cefdb23a44b24fe0fa5014b1933.jpg,Modern Canva Templates for Entrepreneurs,,"20 de fev de 2025 - Trendy Treasure for Social Media Success! Discover stylish and easy-to-use Instagram templates for every content type. Create a unique feed, captivate your audience, and save precious time. Your go-to",https://sites.google.com/view/socialglowstudio/?q=an+advertisement+for+ear+piercings+with+the+words+in+spanish+and+english+on+pink+background+%E2%9C%A8646,2026-01-31 00:25:00,"social media design graphics,social media design inspiration,social media designs,social media design ideas,social media design graphics posts,social media design post,social media design ads,social media design background,social media design template,social media design graphics marketing",https://www.pinterest.com/pin/295126581853658171/
a woman is smiling while looking at her cell phone in front of a green background ‚ú®872,https://i.pinimg.com/236x/f4/c4/8b/f4c48be4b55d21037adcf4e5531a4675.jpg,Modern Canva Templates for Entrepreneurs,,This Pin was discovered by Fer Arza Sacco. Discover (and save!) your own Pins on Pinterest,https://sites.google.com/view/socialglowstudio/?q=a+woman+is+smiling+while+looking+at+her+cell+phone+in+front+of+a+green+background+%E2%9C%A8872,2026-01-31 02:08:00,"social media design graphics,social media design inspiration,social media designs,social media design ideas,social media design graphics posts,social media design post,social media design ads,social media design background,social media design template,social media design graphics marketing",https://www.pinterest.com/pin/70437489133727/
a man wearing a hard hat and green safety gear with the words abril verde ‚ú®779,https://i.pinimg.com/236x/a4/6f/70/a46f704928414c5be1def4d53a3c5967.jpg,Modern Canva Templates for Entrepreneurs,,This Pin was discovered by Social Media Design by Prof.. Discover (and save!) your own Pins on Pinterest,https://sites.google.com/view/socialglowstudio/?q=a+man+wearing+a+hard+hat+and+green+safety+gear+with+the+words+abril+verde+%E2%9C%A8779,2026-01-31 03:46:00,"social media design graphics,social media design inspiration,social media designs,social media design ideas,social media design graphics posts,social media design post,social media design ads,social media design background,social media design template,social media design graphics marketing",https://www.pinterest.com/pin/545498573637178656/
someone is holding up their cell phone with the text customer testimonal on it ‚ú®403,https://i.pinimg.com/236x/27/07/39/2707392ea5603101ea637cdd8d593263.jpg,Modern Canva Templates for Entrepreneurs,,"Mar 28, 2025 - This Pin was discovered by Social Media Aesthetic Graphic. Discover (and save!) your own Pins on Pinterest",https://sites.google.com/view/socialglowstudio/?q=someone+is+holding+up+their+cell+phone+with+the+text+customer+testimonal+on+it+%E2%9C%A8403,2026-01-31 05:26:00,"social media design graphics,social media design inspiration,social media designs,social media design ideas,social media design graphics posts,social media design post,social media design ads,social media design background,social media design template,social media design graphics marketing",https://www.pinterest.com/pin/35817759533236050/
"an assortment of business cards with different font and colors, including blue, red, green, ‚ú®613",https://i.pinimg.com/236x/ab/99/82/ab99827a9be7e5e60c5e3ca5303059f4.jpg,Modern Canva Templates for Entrepreneurs,,"Nov 3, 2025 - Make your Instagram presence stand out with this stunning bold Canva template! Perfect for engaging multiple slides, it‚Äôs easy to customize and helps communicate your message effectively. üì∏‚ú® Use this template to increase engagement and make your posts memorable. Limited slots available ‚Äî grab yours now and start designing like a pro! üöÄ",https://sites.google.com/view/socialglowstudio/?q=an+assortment+of+business+cards+with+different+font+and+colors%2C+including+blue%2C+red%2C+green%2C+%E2%9C%A8613,2026-01-31 07:09:00,"social media design graphics,social media design inspiration,social media designs,social media design ideas,social media design graphics posts,social media design post,social media design ads,social media design background,social media design template,social media design graphics marketing",https://www.pinterest.com/pin/941533865901436814/
a series of photos showing different types of people in the process of creating an advertisement ‚ú®184,https://i.pinimg.com/236x/2c/76/3c/2c763ce477e1513c01a459b0a9b88c1c.jpg,Modern Canva Templates for Entrepreneurs,,This Pin was discovered by Style Spectrum. Discover (and save!) your own Pins on Pinterest,https://sites.google.com/view/socialglowstudio/?q=a+series+of+photos+showing+different+types+of+people+in+the+process+of+creating+an+advertisement+%E2%9C%A8184,2026-01-31 08:43:00,"social media design graphics,social media design inspiration,social media designs,social media design ideas,social media design graphics posts,social media design post,social media design ads,social media design background,social media design template,social media design graphics marketing",https://www.pinterest.com/pin/113786328083566000/
"a collage of images with different colors and font on the same page, including an image ‚ú®451",https://i.pinimg.com/236x/59/5d/e2/595de2ed320ae31d18d846d2d5340346.jpg,Modern Canva Templates for Entrepreneurs,,Social Media 2018 on Behance Source by luisafermc,https://sites.google.com/view/socialglowstudio/?q=a+collage+of+images+with+different+colors+and+font+on+the+same+page%2C+including+an+image+%E2%9C%A8451,2026-01-31 10:37:00,"social media design graphics,social media design inspiration,social media designs,social media design ideas,social media design graphics posts,social media design post,social media design ads,social media design background,social media design template,social media design graphics marketing",https://www.pinterest.com/pin/22236591905109519/
#Social_Media_Marketing_Portfolio #Social_Media_Manager_Quotes #Community_Manager_Aesthetic #Social_Media_Marketing_Aesthetic ‚ú®223,https://i.pinimg.com/236x/e9/55/22/e95522bfb4a9260944f1d102e44bdb59.jpg,Modern Canva Templates for Entrepreneurs,,"Social Media Manager Template, Nude and Beige Digital Aesthetic #instastoryideas #igstoryideas #instagramstorytemplate #instagramstory",https://sites.google.com/view/socialglowstudio/?q=%23Social_Media_Marketing_Portfolio+%23Social_Media_Manager_Quotes+%23Community_Manager_Aesthetic+%23Social_Media_Marketing_Aesthetic+%E2%9C%A8223,2026-01-31 12:31:00,"social media design graphics,social media design inspiration,social media designs,social media design ideas,social media design graphics posts,social media design post,social media design ads,social media design background,social media design template,social media design graphics marketing",https://www.pinterest.com/pin/769834130098830960/
"Join thousands of small businesses leveraging over 2.5 million free Instagram templates üéØ. Perfect for marketing graphics, engagement strategies, and social media games. Make your brand visually appealing and grow your followers with eye-catching designs. Don't miss out‚Äîlevel up your social media game today! üìàüöÄ Marketing Graphics, Engagement Strategies, Social Media Games, Business Mentor, Free Instagram, Instagram Marketing, Instagram Template, Social Media Template, Social Media Post ‚ú®118",https://i.pinimg.com/236x/81/e1/a3/81e1a329c3cbb61564b38826507ccac6.jpg,Modern Canva Templates for Entrepreneurs,,"Nov 4, 2025 - Grow your brand effortlessly with over 2.5 million eye-catching social media templates üé®. Perfect for Instagram marketing, engagement, and strategy, these free designs are ideal for small businesses and social media games. Get your business mentor‚Äôs edge today‚Äîstay ahead with sleek, ready-to-use graphics that captivate your audience and drive results! üöÄ",https://sites.google.com/view/socialglowstudio/?q=Join+thousands+of+small+businesses+leveraging+over+2.5+million+free+Instagram+templates+%F0%9F%8E%AF.+Perfect+for+marketing+graphics%2C+engagement+strategies%2C+and+social+media+games.+Make+your+brand+visually+appealing+and+grow+your+followers+with+eye-catching+designs.+Don%27t+miss+out%E2%80%94level+up+your+social+media+game+today%21+%F0%9F%93%88%F0%9F%9A%80+Marketing+Graphics%2C+Engagement+Strategies%2C+Social+Media+Games%2C+Business+Mentor%2C+Free+Instagram%2C+Instagram+Marketing%2C+Instagram+Template%2C+Social+Media+Template%2C+Social+Media+Post+%E2%9C%A8118,2026-01-31 14:07:00,"social media design graphics,social media design inspiration,social media designs,social media design ideas,social media design graphics posts,social media design post,social media design ads,social media design background,social media design template,social media design graphics marketing",https://www.pinterest.com/pin/909656824757888263/
"brochures designed to promote local businesses in latin america, including local health services ‚ú®403",https://i.pinimg.com/236x/45/83/37/4583373ff9de06c1253c47283b65674f.jpg,Modern Canva Templates for Entrepreneurs,,"Welcome to CreativeCanvaTemplates ‚Äî your one-stop hub for stylish and free Canva templates! Whether you're looking to boost your Instagram game, create beautiful banners, or explore aesthetic post ideas, we've got everything you need. Let's make your social media shine!",https://sites.google.com/view/socialglowstudio/?q=brochures+designed+to+promote+local+businesses+in+latin+america%2C+including+local+health+services+%E2%9C%A8403,2026-01-31 15:46:00,"social media design graphics,social media design inspiration,social media designs,social media design ideas,social media design graphics posts,social media design post,social media design ads,social media design background,social media design template,social media design graphics marketing",https://www.pinterest.com/pin/140806232536485/
a poster with the words team surrounded by people ‚ú®356,https://i.pinimg.com/236x/ee/88/07/ee88073124f095d62f02ee19ad8ad6e2.jpg,Modern Canva Templates for Entrepreneurs,,"Jul 20, 2025 - This Pin was discovered by Daniela Romero. Discover (and save!) your own Pins on Pinterest",https://sites.google.com/view/socialglowstudio/?q=a+poster+with+the+words+team+surrounded+by+people+%E2%9C%A8356,2026-01-31 17:22:00,"social media design graphics,social media design inspiration,social media designs,social media design ideas,social media design graphics posts,social media design post,social media design ads,social media design background,social media design template,social media design graphics marketing",https://www.pinterest.com/pin/2040762328948436/
the social media templates are designed to look like they have been created in photoshopped ‚ú®800,https://i.pinimg.com/236x/c3/53/2d/c3532dcade4529251ce026ba12bb0d8e.jpg,Modern Canva Templates for Entrepreneurs,,"Nov 1, 2025 - Design eye-catching social media posts with minimalist art and quotes using Canva! Perfect for simple, elegant Facebook ads, social media packs, and templates. üé®‚ú® Simple tips to craft 5+ stunning posts in minutes. Stand out with clean, professional layouts. Ideal for marketers and content creators aiming for sleek, impactful visuals! üì±üí°",https://sites.google.com/view/socialglowstudio/?q=the+social+media+templates+are+designed+to+look+like+they+have+been+created+in+photoshopped+%E2%9C%A8800,2026-01-31 19:06:00,"social media design graphics,social media design inspiration,social media designs,social media design ideas,social media design graphics posts,social media design post,social media design ads,social media design background,social media design template,social media design graphics marketing",https://www.pinterest.com/pin/1099933909020890571/
"Sushi Design Ideas, Feed Instagram Food Design, Food Product Poster, Food Poster Ideas, Menu Design Restaurant, Dimsum Poster Design, Flyer Makanan, Food Poster Design Graphics, Ramadan Food Delivery ‚ú®467",https://i.pinimg.com/236x/f3/50/8c/f3508c8f954ada3cd5687aeb65e234e3.jpg,Modern Canva Templates for Entrepreneurs,,"Jul 1, 2025 - üçΩÔ∏è‚ú® Looking for a free Instagram Canva template perfect for your restaurant? This stylish and easy-to-edit design helps you create eye-catching posts and stories to showcase your menu and attract new customers.üé® Quickly customize with your photos, logo,...",https://sites.google.com/view/socialglowstudio/?q=Sushi+Design+Ideas%2C+Feed+Instagram+Food+Design%2C+Food+Product+Poster%2C+Food+Poster+Ideas%2C+Menu+Design+Restaurant%2C+Dimsum+Poster+Design%2C+Flyer+Makanan%2C+Food+Poster+Design+Graphics%2C+Ramadan+Food+Delivery+%E2%9C%A8467,2026-01-31 21:03:00,"social media design graphics,social media design inspiration,social media designs,social media design ideas,social media design graphics posts,social media design post,social media design ads,social media design background,social media design template,social media design graphics marketing",https://www.pinterest.com/pin/17662623533702641/
the social media post is shown with different images ‚ú®168,https://i.pinimg.com/236x/a9/7c/03/a97c0334d96fdc281cbaaf1893916842.jpg,Modern Canva Templates for Entrepreneurs,,"Click here and download 30658+ different graphic Social Media Templates. Windows, Mac, Linux ‚úì Licence included with all files ‚úì",https://sites.google.com/view/socialglowstudio/?q=the+social+media+post+is+shown+with+different+images+%E2%9C%A8168,2026-01-31 22:47:00,"social media design graphics,social media design inspiration,social media designs,social media design ideas,social media design graphics posts,social media design post,social media design ads,social media design background,social media design template,social media design graphics marketing",https://www.pinterest.com/pin/746964288358190629/
"an advertisement for a car detailing company with blue and black graphics on the front, two men ‚ú®601",https://i.pinimg.com/236x/ba/1c/07/ba1c078704143b43b8d12e478b5ba078.jpg,Modern Canva Templates for Entrepreneurs,,"Jul 5, 2025 - Instagram is a huge social network with over 1 million activeusers ‚Äì a user base that is continuing to grow even now with no signs of slowing down. It is quick to manage thanks to its largely visual nature, and has some of the best engagement on the web.Many companies use Instagram to boost their products and services ‚Ä¶",https://sites.google.com/view/socialglowstudio/?q=an+advertisement+for+a+car+detailing+company+with+blue+and+black+graphics+on+the+front%2C+two+men+%E2%9C%A8601,2026-02-01 00:34:00,"social media design graphics,social media design inspiration,social media designs,social media design ideas,social media design graphics posts,social media design post,social media design ads,social media design background,social media design template,social media design graphics marketing",https://www.pinterest.com/pin/12947917675159082/
"Post Design. The Flow of Solacea üåê #AutomateYourLife #EfficientAutomation #StreamlineYourTasks #SimplifyYourRoutine #TimeSavingAutomation.. Instagram Product Post Ideas, Instagram Campaign Post Ideas, Giveaway Aesthetic Post, Beauty Social Media Post Design, Beauty Social Media Design, Beauty Brand Social Media Post, Cosmetics Social Media, Cosmetics Social Media Post, Beauty Product Social Media Post ‚ú®945",https://i.pinimg.com/236x/79/d0/2c/79d02cd68d9d0810770bf05d80785aec.jpg,Modern Canva Templates for Entrepreneurs,,How Make.com Revolutionizes Both Business and Daily Tasks,https://sites.google.com/view/socialglowstudio/?q=Post+Design.+The+Flow+of+Solacea+%F0%9F%8C%90+%23AutomateYourLife+%23EfficientAutomation+%23StreamlineYourTasks+%23SimplifyYourRoutine+%23TimeSavingAutomation..+Instagram+Product+Post+Ideas%2C+Instagram+Campaign+Post+Ideas%2C+Giveaway+Aesthetic+Post%2C+Beauty+Social+Media+Post+Design%2C+Beauty+Social+Media+Design%2C+Beauty+Brand+Social+Media+Post%2C+Cosmetics+Social+Media%2C+Cosmetics+Social+Media+Post%2C+Beauty+Product+Social+Media+Post+%E2%9C%A8945,2026-02-01 02:21:00,"social media design graphics,social media design inspiration,social media designs,social media design ideas,social media design graphics posts,social media design post,social media design ads,social media design background,social media design template,social media design graphics marketing",https://www.pinterest.com/pin/795307615484521777/
Social media post ‚ú®812,https://i.pinimg.com/236x/69/c0/23/69c023bcb57be4466dd2139ebd372b75.jpg,Modern Canva Templates for Entrepreneurs,,"Advertising, Graphic Design, Illustration, Adobe Photoshop, Adobe Illustrator, Adobe Stock",https://sites.google.com/view/socialglowstudio/?q=Social+media+post+%E2%9C%A8812,2026-02-01 04:04:00,"social media design graphics,social media design inspiration,social media designs,social media design ideas,social media design graphics posts,social media design post,social media design ads,social media design background,social media design template,social media design graphics marketing",https://www.pinterest.com/pin/404479610304964765/
"Looking ahead to 2025? This pin explores fresh, innovative Instagram feed ideas to keep your content captivating and ahead of the curve. Discover trending aesthetics, engaging formats, and strategic posting techniques to maximize your reach and grow your audience. From bold visuals to interactive stories, find inspiration to elevate your Instagram presence in the new year and beyond. Get ahead of the game ‚Äì plan your 2025 Instagram feed now. Feed Post Ideas, Template Instagram Post, Instagram Feed Ideas Business, Social Media Feed Design, Shop Banner Design Ideas, Nike Instagram Feed, Event Instagram Feed, Brand Instagram Feed Ideas, Post Instagram Design ‚ú®337",https://i.pinimg.com/236x/df/15/32/df153244956464836801459c2b596dfc.jpg,Modern Canva Templates for Entrepreneurs,,"18 nov 2024 - Instagram is a huge social network with over 1 million activeusers ‚Äì a user base that is continuing to grow even now with no signs of slowing down. It is quick to manage thanks to its largely visual nature, and has some of the best engagement on the web.Many companies use Instagram to boost their products and services ‚Ä¶",https://sites.google.com/view/socialglowstudio/?q=Looking+ahead+to+2025%3F+This+pin+explores+fresh%2C+innovative+Instagram+feed+ideas+to+keep+your+content+captivating+and+ahead+of+the+curve.+Discover+trending+aesthetics%2C+engaging+formats%2C+and+strategic+posting+techniques+to+maximize+your+reach+and+grow+your+audience.+From+bold+visuals+to+interactive+stories%2C+find+inspiration+to+elevate+your+Instagram+presence+in+the+new+year+and+beyond.+Get+ahead+of+the+game+%E2%80%93+plan+your+2025+Instagram+feed+now.+Feed+Post+Ideas%2C+Template+Instagram+Post%2C+Instagram+Feed+Ideas+Business%2C+Social+Media+Feed+Design%2C+Shop+Banner+Design+Ideas%2C+Nike+Instagram+Feed%2C+Event+Instagram+Feed%2C+Brand+Instagram+Feed+Ideas%2C+Post+Instagram+Design+%E2%9C%A8337,2026-02-01 05:41:00,"social media design graphics,social media design inspiration,social media designs,social media design ideas,social media design graphics posts,social media design post,social media design ads,social media design background,social media design template,social media design graphics marketing",https://www.pinterest.com/pin/114208540547361830/
a white poster with the words'70 killer content ideas to post on social media ‚ú®151,https://i.pinimg.com/236x/cd/60/72/cd6072bf41e418d8447b305354723e18.jpg,Modern Canva Templates for Entrepreneurs,,"Mar 7, 2025 - My name is Alena. I am an artist. The main theme of my work is female beauty.",https://sites.google.com/view/socialglowstudio/?q=a+white+poster+with+the+words%2770+killer+content+ideas+to+post+on+social+media+%E2%9C%A8151,2026-02-01 07:40:00,"social media design graphics,social media design inspiration,social media designs,social media design ideas,social media design graphics posts,social media design post,social media design ads,social media design background,social media design template,social media design graphics marketing",https://www.pinterest.com/pin/1025061565190098094/
a white poster with the words how to create a killer social media marketing strategy on it ‚ú®681,https://i.pinimg.com/236x/7a/87/44/7a8744f456a1ee85375030293dec8cf2.jpg,Modern Canva Templates for Entrepreneurs,,"Jan 7, 2025 - Discover how to grow your business with a proven social media marketing strategy that drives real results and improves online sales.",https://sites.google.com/view/socialglowstudio/?q=a+white+poster+with+the+words+how+to+create+a+killer+social+media+marketing+strategy+on+it+%E2%9C%A8681,2026-02-01 09:10:00,"social media design graphics,social media design inspiration,social media designs,social media design ideas,social media design graphics posts,social media design post,social media design ads,social media design background,social media design template,social media design graphics marketing",https://www.pinterest.com/pin/9359111722002078/
an image of the back cover of a magazine or brochure with yellow and black colors ‚ú®919,https://i.pinimg.com/236x/c1/a9/37/c1a9373e734b0d6d7846a249bd5c8b78.jpg,Modern Canva Templates for Entrepreneurs,,"Fiverr freelancer will provide Web Banners services and design web banner kit, ads, hero image, header, and slider including Source file within 1 day",https://sites.google.com/view/socialglowstudio/?q=an+image+of+the+back+cover+of+a+magazine+or+brochure+with+yellow+and+black+colors+%E2%9C%A8919,2026-02-01 11:03:00,"social media design graphics,social media design inspiration,social media designs,social media design ideas,social media design graphics posts,social media design post,social media design ads,social media design background,social media design template,social media design graphics marketing",https://www.pinterest.com/pin/4574037116648540/
"the collage is made up of many different images and words on it, including one woman's face ‚ú®305",https://i.pinimg.com/236x/c2/3c/e9/c23ce9846c6f1e63a9fe5fee092d45ac.jpg,Modern Canva Templates for Entrepreneurs,,"Aug 26, 2025 - This Pin was discovered by anne.. Discover (and save!) your own Pins on Pinterest",https://sites.google.com/view/socialglowstudio/?q=the+collage+is+made+up+of+many+different+images+and+words+on+it%2C+including+one+woman%27s+face+%E2%9C%A8305,2026-02-01 12:53:00,"social media design graphics,social media design inspiration,social media designs,social media design ideas,social media design graphics posts,social media design post,social media design ads,social media design background,social media design template,social media design graphics marketing",https://www.pinterest.com/pin/7177680652337182/
Designing Social Impact: Kamila Machado's Innovative Studio ‚ú®447,https://i.pinimg.com/236x/f9/0c/6f/f90c6f7a06e53cb33ee7b8afadbe7b01.jpg,Modern Canva Templates for Entrepreneurs,,Get instant access to your social media calendar and boost your marketing. Plan your social media content with a calendar and skyrocket your business.,https://sites.google.com/view/socialglowstudio/?q=Designing+Social+Impact%3A+Kamila+Machado%27s+Innovative+Studio+%E2%9C%A8447,2026-02-01 14:24:00,"social media design graphics,social media design inspiration,social media designs,social media design ideas,social media design graphics posts,social media design post,social media design ads,social media design background,social media design template,social media design graphics marketing",https://www.pinterest.com/pin/49750770880062638/
"Website Launch, Instagram Template Design, Social Media Success, Creative Entrepreneurs, Instagram Post Template, Post Templates, Interactive Design, Instagram Template, Video Marketing",https://i.pinimg.com/236x/67/7c/e3/677ce3abb01586789253f6ebdffca040.jpg,Modern Canva Templates for Entrepreneurs,,"Oct 25, 2025 - Premium Luxury Instagram Templates To Elevate Your Brand Aesthetic.",https://sites.google.com/view/socialglowstudio/?q=Website+Launch%2C+Instagram+Template+Design%2C+Social+Media+Success%2C+Creative+Entrepreneurs%2C+Instagram+Post+Template%2C+Post+Templates%2C+Interactive+Design%2C+Instagram+Template%2C+Video+Marketing,2026-02-01 16:05:00,"social media design graphics,social media design inspiration,social media designs,social media design ideas,social media design graphics posts,social media design post,social media design ads,social media design background,social media design template,social media design graphics marketing",https://www.pinterest.com/pin/881579695830999353/
"Cute social media design and graphic design ideas enhance your Insta posts and blog visuals for better engagement. Discover trendy themes and promo ad concepts to refresh your content in 2025. Explore and save your favorite designs today. Graphic Design Social Media, Spring Fruit, Strawberry Shortcake Characters, Mood Board Template, Graphic Design Images, Social Media Planning, Simple Living Room, Insta Posts, Media Design ‚ú®326",https://i.pinimg.com/236x/11/68/6f/11686ffd28f9f35da89a191313e65125.jpg,Modern Canva Templates for Entrepreneurs,,"Oct 22, 2025 - Template Moodboards That Turn Chaos Into Clarity",https://sites.google.com/view/socialglowstudio/?q=Cute+social+media+design+and+graphic+design+ideas+enhance+your+Insta+posts+and+blog+visuals+for+better+engagement.+Discover+trendy+themes+and+promo+ad+concepts+to+refresh+your+content+in+2025.+Explore+and+save+your+favorite+designs+today.+Graphic+Design+Social+Media%2C+Spring+Fruit%2C+Strawberry+Shortcake+Characters%2C+Mood+Board+Template%2C+Graphic+Design+Images%2C+Social+Media+Planning%2C+Simple+Living+Room%2C+Insta+Posts%2C+Media+Design+%E2%9C%A8326,2026-02-01 17:59:00,"social media design graphics,social media design inspiration,social media designs,social media design ideas,social media design graphics posts,social media design post,social media design ads,social media design background,social media design template,social media design graphics marketing",https://www.pinterest.com/pin/338966309475647499/
a poster with a man on a motorcycle wearing a hoodie and riding a motorbike ‚ú®764,https://i.pinimg.com/236x/8f/04/43/8f0443b8954f709489fde8a0bd8ac00d.jpg,Modern Canva Templates for Entrepreneurs,,"Download this Premium PSD File about Social media post template or square flyer, and discover more than 2 Million Professional Graphic Resources on Freepik",https://sites.google.com/view/socialglowstudio/?q=a+poster+with+a+man+on+a+motorcycle+wearing+a+hoodie+and+riding+a+motorbike+%E2%9C%A8764,2026-02-01 19:54:00,"social media design graphics,social media design inspiration,social media designs,social media design ideas,social media design graphics posts,social media design post,social media design ads,social media design background,social media design template,social media design graphics marketing",https://www.pinterest.com/pin/50313720827559366/
an advertisement for the spanish television program ‚ú®479,https://i.pinimg.com/236x/c1/28/a2/c128a22c4e949f8856865ab78ebd82fa.jpg,Modern Canva Templates for Entrepreneurs,,"351 Followers, 146 Following, 92 Posts - Richard Alexandre | Designer (@richardal_designer) on Instagram: ""Melhore o visual do seu feed H√° mais de 3Ô∏è‚É£ anos no mercado + de 38 clientes satisfeitos Or√ßamentos e mais ‚¨áÔ∏è""",https://sites.google.com/view/socialglowstudio/?q=an+advertisement+for+the+spanish+television+program+%E2%9C%A8479,2026-02-01 21:40:00,"social media design graphics,social media design inspiration,social media designs,social media design ideas,social media design graphics posts,social media design post,social media design ads,social media design background,social media design template,social media design graphics marketing",https://www.pinterest.com/pin/13159023904516389/
a collage of different images with the same image as well as numbers and symbols ‚ú®985,https://i.pinimg.com/236x/cc/2e/69/cc2e6942d7ef25fcea949c2b8441c891.jpg,Modern Canva Templates for Entrepreneurs,,"Aug 20, 2025 - –ò—â–µ—à—å –∏–¥–µ–∏ –¥–ª—è Instagram? –õ–æ–≤–∏ –≥–æ—Ç–æ–≤—ã–µ —à–∞–±–ª–æ–Ω—ã: üí° –°–æ–∑–¥–∞–≤–∞–π. –í–¥–æ—Ö–Ω–æ–≤–ª—è–π. –ü–æ–¥–ø–∏—Å—ã–≤–∞–π—Å—è! | üì∏ –≠—Å—Ç–µ—Ç–∏–∫–∞ –∏ —Å—Ç–∏–ª—å ‚Äî –±—É–¥—å —Å –Ω–∞–º–∏ | üöÄ –ü–æ–ª–µ–∑–Ω—ã–π –∫–æ–Ω—Ç–µ–Ω—Ç –∫–∞–∂–¥—ã–π –¥–µ–Ω—å ‚Äî –Ω–µ –ø—Ä–æ–ø—É—Å—Ç–∏! üëá –í—ã–±–∏—Ä–∞–π –∏ –¥–æ–±–∞–≤–ª—è–π –≤ —Å–≤–æ–π –ø—Ä–æ—Ñ–∏–ª—å!",https://sites.google.com/view/socialglowstudio/?q=a+collage+of+different+images+with+the+same+image+as+well+as+numbers+and+symbols+%E2%9C%A8985,2026-02-01 23:35:00,"social media design graphics,social media design inspiration,social media designs,social media design ideas,social media design graphics posts,social media design post,social media design ads,social media design background,social media design template,social media design graphics marketing",https://www.pinterest.com/pin/107593878594820120/
the social media ad for an ice cream shop is shown in pink and brown colors ‚ú®441,https://i.pinimg.com/236x/50/00/19/500019ee0f879e795042ca4c98199011.jpg,Modern Canva Templates for Entrepreneurs,,social media design social media marketing,https://sites.google.com/view/socialglowstudio/?q=the+social+media+ad+for+an+ice+cream+shop+is+shown+in+pink+and+brown+colors+%E2%9C%A8441,2026-02-02 01:12:00,"social media design graphics,social media design inspiration,social media designs,social media design ideas,social media design graphics posts,social media design post,social media design ads,social media design background,social media design template,social media design graphics marketing",https://www.pinterest.com/pin/21744010692746022/
Design Gr√°fico Social Media para Instagram com foco em Fast Food - Hamburger .06 exemplos de posts nas cores: preto e laranja √°gua. Texto: Para todos os tipos de fome / S√≥ um Burger salva / Bacon Lovers / Gostosa e Crocrante / Qual vai ser a pedida de hoje? / Voc√™ + Ad√£o Burger = Amizade Sincera ‚ú®227,https://i.pinimg.com/236x/b6/39/52/b639525e1a8d4ae6b07249055a13a24e.jpg,Modern Canva Templates for Entrepreneurs,,"Projetos de social media desenvolvidos para os clientes Bar do Ad√£o, Bar do Ad√£o Burger, Balada Mix e Levin.",https://sites.google.com/view/socialglowstudio/?q=Design+Gr%C3%A1fico+Social+Media+para+Instagram+com+foco+em+Fast+Food+-+Hamburger+.06+exemplos+de+posts+nas+cores%3A+preto+e+laranja+%C3%A1gua.+Texto%3A+Para+todos+os+tipos+de+fome+%2F+S%C3%B3+um+Burger+salva+%2F+Bacon+Lovers+%2F+Gostosa+e+Crocrante+%2F+Qual+vai+ser+a+pedida+de+hoje%3F+%2F+Voc%C3%AA+%2B+Ad%C3%A3o+Burger+%3D+Amizade+Sincera+%E2%9C%A8227,2026-02-02 02:47:00,"social media design graphics,social media design inspiration,social media designs,social media design ideas,social media design graphics posts,social media design post,social media design ads,social media design background,social media design template,social media design graphics marketing",https://www.pinterest.com/pin/2814818511115851/
"an orange and black web page with different font styles, colors and shapes on it ‚ú®226",https://i.pinimg.com/236x/ba/05/9f/ba059f98404f6a214ad517b8e5cab61c.jpg,Modern Canva Templates for Entrepreneurs,,"8 de set de 2025 - Pack Creator Minimalista √© uma cole√ß√£o de templates 100% edit√°veis online, feita para criadores digitais que desejam um feed elegante e profissional com o m√≠nimo de esfor√ßo. Basta acessar, personalizar e publicar!",https://sites.google.com/view/socialglowstudio/?q=an+orange+and+black+web+page+with+different+font+styles%2C+colors+and+shapes+on+it+%E2%9C%A8226,2026-02-02 04:21:00,"social media design graphics,social media design inspiration,social media designs,social media design ideas,social media design graphics posts,social media design post,social media design ads,social media design background,social media design template,social media design graphics marketing",https://www.pinterest.com/pin/11892386513562385/
"the poster for netflix's upcoming series, which is being released on march 29 ‚ú®863",https://i.pinimg.com/236x/98/76/be/9876be5da123a120b9443854512fcefa.jpg,Modern Canva Templates for Entrepreneurs,,"29 jun. 2025 - 240 Instagram templates are perfect for small or large businesses, content creators or if you want to take your Instagram to the next level! These modern packages are designed to help with product advertising, content creation, and to increase traffic and engagement to your profile.",https://sites.google.com/view/socialglowstudio/?q=the+poster+for+netflix%27s+upcoming+series%2C+which+is+being+released+on+march+29+%E2%9C%A8863,2026-02-02 05:58:00,"social media design graphics,social media design inspiration,social media designs,social media design ideas,social media design graphics posts,social media design post,social media design ads,social media design background,social media design template,social media design graphics marketing",https://www.pinterest.com/pin/29273466324035577/
a series of brochures designed to look like black and white images ‚ú®126,https://i.pinimg.com/236x/43/78/78/4378781469f11f6cc0ce0fb5ac94dc2f.jpg,Modern Canva Templates for Entrepreneurs,,"Oct 30, 2025 - This Bookkeeping Templates item by DigitalAndChicInsta has 856 favorites from Etsy shoppers. Ships from United States. Listed on Oct 2, 2025",https://sites.google.com/view/socialglowstudio/?q=a+series+of+brochures+designed+to+look+like+black+and+white+images+%E2%9C%A8126,2026-02-02 07:47:00,"social media design graphics,social media design inspiration,social media designs,social media design ideas,social media design graphics posts,social media design post,social media design ads,social media design background,social media design template,social media design graphics marketing",https://www.pinterest.com/pin/1086493478868639198/
an advertisement for the new york times with images of women in orange and blue outfits ‚ú®468,https://i.pinimg.com/236x/c5/4a/21/c54a217bc3a2ae449f26d3d48075540e.jpg,Modern Canva Templates for Entrepreneurs,,"We‚Äôre sharing 10 social media trends to pay attention to in 2025 ‚Äî from the return of long-form content to the rise of ""nostalgia core"".",https://sites.google.com/view/socialglowstudio/?q=an+advertisement+for+the+new+york+times+with+images+of+women+in+orange+and+blue+outfits+%E2%9C%A8468,2026-02-02 09:35:00,"social media design graphics,social media design inspiration,social media designs,social media design ideas,social media design graphics posts,social media design post,social media design ads,social media design background,social media design template,social media design graphics marketing",https://www.pinterest.com/pin/1125968647624343/
an orange and black advertisement for a car show ‚ú®224,https://i.pinimg.com/236x/be/53/ed/be53ed51603316d871e3b31e72fe6a6c.jpg,Modern Canva Templates for Entrepreneurs,,"Crio campanhas para empresas p√∫blicas e privadas, meu objetivo √© trazer um visual inovador e comunica√ß√£o efetiva, sou especialista em identidade 3D, Montagens e pe√ßas publicit√°rias.",https://sites.google.com/view/socialglowstudio/?q=an+orange+and+black+advertisement+for+a+car+show+%E2%9C%A8224,2026-02-02 11:34:00,"social media design graphics,social media design inspiration,social media designs,social media design ideas,social media design graphics posts,social media design post,social media design ads,social media design background,social media design template,social media design graphics marketing",https://www.pinterest.com/pin/4503668372891250/
an assortment of brochures are displayed on a gray background with black and red accents ‚ú®318,https://i.pinimg.com/236x/93/90/9b/93909bade9288441b72c7ae6915dbd17.jpg,Modern Canva Templates for Entrepreneurs,,"Aug 12, 2025 - This Templates item by MoscovitaStudio has 24 favorites from Etsy shoppers. Ships from United States. Listed on Aug 11, 2024",https://sites.google.com/view/socialglowstudio/?q=an+assortment+of+brochures+are+displayed+on+a+gray+background+with+black+and+red+accents+%E2%9C%A8318,2026-02-02 13:18:00,"social media design graphics,social media design inspiration,social media designs,social media design ideas,social media design graphics posts,social media design post,social media design ads,social media design background,social media design template,social media design graphics marketing",https://www.pinterest.com/pin/8022105582208450/
green apples in a wicker basket with water drops on them and the words eat fresh stay healthy ‚ú®117,https://i.pinimg.com/236x/3f/1d/f7/3f1df704b622db4f4cd458c4bc3e6a3c.jpg,Modern Canva Templates for Entrepreneurs,,Fresh Fruit (Apple) Social Media Post In Photoshop #canva #canvatemplates #socialmediapostdesign #socialmediadesign,https://sites.google.com/view/socialglowstudio/?q=green+apples+in+a+wicker+basket+with+water+drops+on+them+and+the+words+eat+fresh+stay+healthy+%E2%9C%A8117,2026-02-02 15:03:00,"social media design graphics,social media design inspiration,social media designs,social media design ideas,social media design graphics posts,social media design post,social media design ads,social media design background,social media design template,social media design graphics marketing",https://www.pinterest.com/pin/241927811227534704/
the instagram stories template is designed to be used for advertising ‚ú®193,https://i.pinimg.com/236x/ff/ae/04/ffae0452fb89c5b256a1353f14a8968a.jpg,Modern Canva Templates for Entrepreneurs,,Download this free PSD of User interface design instagram stories and explore millions of professional PSD files on Freepik.,https://sites.google.com/view/socialglowstudio/?q=the+instagram+stories+template+is+designed+to+be+used+for+advertising+%E2%9C%A8193,2026-02-02 16:47:00,"social media design graphics,social media design inspiration,social media designs,social media design ideas,social media design graphics posts,social media design post,social media design ads,social media design background,social media design template,social media design graphics marketing",https://www.pinterest.com/pin/31947478600415671/
a red and white flyer with a man on a laptop ‚ú®586,https://i.pinimg.com/236x/41/03/69/410369e27a28da5f48b9644d90e5f133.jpg,Modern Canva Templates for Entrepreneurs,,Download this Premium PSD of Psd grow business faster corporate social media banner design or instagram post template and explore millions of professional PSD files on Freepik.,https://sites.google.com/view/socialglowstudio/?q=a+red+and+white+flyer+with+a+man+on+a+laptop+%E2%9C%A8586,2026-02-02 18:23:00,"social media design graphics,social media design inspiration,social media designs,social media design ideas,social media design graphics posts,social media design post,social media design ads,social media design background,social media design template,social media design graphics marketing",https://www.pinterest.com/pin/3166662231282152/
"an iphone screen with various images and text on it, including the words'happy artisan ‚ú®184",https://i.pinimg.com/236x/d8/c9/ca/d8c9ca462c6fcf619c05bb7e1bcc7739.jpg,Modern Canva Templates for Entrepreneurs,,31 de mar de 2025 - Smau_l encontrou este Pin. Encontre (e salve!) seus pr√≥prios Pins no Pinterest.,https://sites.google.com/view/socialglowstudio/?q=an+iphone+screen+with+various+images+and+text+on+it%2C+including+the+words%27happy+artisan+%E2%9C%A8184,2026-02-02 19:53:00,"social media design graphics,social media design inspiration,social media designs,social media design ideas,social media design graphics posts,social media design post,social media design ads,social media design background,social media design template,social media design graphics marketing",https://www.pinterest.com/pin/1829656094399027/
"an iphone screen with various images and text on the bottom right corner, below which reads best media ae ‚ú®924",https://i.pinimg.com/236x/7d/59/ac/7d59ac7e3af97b3e856c904d396ff6d9.jpg,Modern Canva Templates for Entrepreneurs,,"Jul 2, 2025 - Graphic Design, Interaction Design, Product Design, Canva, WordPress, WordPress theme",https://sites.google.com/view/socialglowstudio/?q=an+iphone+screen+with+various+images+and+text+on+the+bottom+right+corner%2C+below+which+reads+best+media+ae+%E2%9C%A8924,2026-02-02 21:48:00,"social media design graphics,social media design inspiration,social media designs,social media design ideas,social media design graphics posts,social media design post,social media design ads,social media design background,social media design template,social media design graphics marketing",https://www.pinterest.com/pin/1829656094816097/
"several different types of business brochures are shown in this collage, including one with ‚ú®815",https://i.pinimg.com/236x/e3/2f/ce/e32fce93024f3aae926e7b41f007cc56.jpg,Modern Canva Templates for Entrepreneurs,,"Jul 5, 2025 - Graphic Design, Illustration, Adobe Photoshop",https://sites.google.com/view/socialglowstudio/?q=several+different+types+of+business+brochures+are+shown+in+this+collage%2C+including+one+with+%E2%9C%A8815,2026-02-02 23:39:00,"social media design graphics,social media design inspiration,social media designs,social media design ideas,social media design graphics posts,social media design post,social media design ads,social media design background,social media design template,social media design graphics marketing",https://www.pinterest.com/pin/6403624465749553/
"Astrus Studio, especializado em m√≠dias digitais. Trabalhamos no desenvolvimento de publica√ß√µes para redes sociais, cria√ß√£o de identidades corporativas e edi√ß√£o de v√≠deo em motion design. Todos os projetos s√£o executados com uma estrat√©gia direcionada ao p√∫blico-alvo de cada cliente, com foco na convers√£o de potenciais novos clientes! ‚ú®509",https://i.pinimg.com/236x/ae/eb/74/aeeb74d7e1a7901f1445aaf5029728ea.jpg,Modern Canva Templates for Entrepreneurs,,"‚ú¶ Projeto estrat√©gico para m√≠dias digitais. Naming, Identidade Visual e Social Media.",https://sites.google.com/view/socialglowstudio/?q=Astrus+Studio%2C+especializado+em+m%C3%ADdias+digitais.+Trabalhamos+no+desenvolvimento+de+publica%C3%A7%C3%B5es+para+redes+sociais%2C+cria%C3%A7%C3%A3o+de+identidades+corporativas+e+edi%C3%A7%C3%A3o+de+v%C3%ADdeo+em+motion+design.+Todos+os+projetos+s%C3%A3o+executados+com+uma+estrat%C3%A9gia+direcionada+ao+p%C3%BAblico-alvo+de+cada+cliente%2C+com+foco+na+convers%C3%A3o+de+potenciais+novos+clientes%21+%E2%9C%A8509,2026-02-03 01:25:00,"social media design graphics,social media design inspiration,social media designs,social media design ideas,social media design graphics posts,social media design post,social media design ads,social media design background,social media design template,social media design graphics marketing",https://www.pinterest.com/pin/985231163311970/
an iphone screen showing the user's profile and other things to see on it ‚ú®529,https://i.pinimg.com/236x/1d/07/d5/1d07d579ccf29ae15e41ae514cd9d162.jpg,Modern Canva Templates for Entrepreneurs,,"Aug 23, 2025 - This Pin was discovered by Social Media Design. Discover (and save!) your own Pins on Pinterest",https://sites.google.com/view/socialglowstudio/?q=an+iphone+screen+showing+the+user%27s+profile+and+other+things+to+see+on+it+%E2%9C%A8529,2026-02-03 03:12:00,"social media design graphics,social media design inspiration,social media designs,social media design ideas,social media design graphics posts,social media design post,social media design ads,social media design background,social media design template,social media design graphics marketing",https://www.pinterest.com/pin/4714774605211050/
an advertisement for ear piercings with the words in spanish and english on pink background ‚ú®835,https://i.pinimg.com/236x/93/8b/1c/938b1cefdb23a44b24fe0fa5014b1933.jpg,Modern Canva Templates for Entrepreneurs,,"20 de fev de 2025 - Trendy Treasure for Social Media Success! Discover stylish and easy-to-use Instagram templates for every content type. Create a unique feed, captivate your audience, and save precious time. Your go-to",https://sites.google.com/view/socialglowstudio/?q=an+advertisement+for+ear+piercings+with+the+words+in+spanish+and+english+on+pink+background+%E2%9C%A8835,2026-02-03 05:11:00,"social media design graphics,social media design inspiration,social media designs,social media design ideas,social media design graphics posts,social media design post,social media design ads,social media design background,social media design template,social media design graphics marketing",https://www.pinterest.com/pin/295126581853658171/
the website is designed to look like it could be used for advertising and other purposes ‚ú®367,https://i.pinimg.com/236x/e5/0f/f8/e50ff8b48f5fae2090b88002f39a2946.jpg,Modern Canva Templates for Entrepreneurs,,Angela encontrou este Pin. Encontre (e salve!) seus pr√≥prios Pins no Pinterest.,https://sites.google.com/view/socialglowstudio/?q=the+website+is+designed+to+look+like+it+could+be+used+for+advertising+and+other+purposes+%E2%9C%A8367,2026-02-03 07:06:00,"social media design graphics,social media design inspiration,social media designs,social media design ideas,social media design graphics posts,social media design post,social media design ads,social media design background,social media design template,social media design graphics marketing",https://www.pinterest.com/pin/281543724361171/
a woman is smiling while looking at her cell phone in front of a green background ‚ú®433,https://i.pinimg.com/236x/f4/c4/8b/f4c48be4b55d21037adcf4e5531a4675.jpg,Modern Canva Templates for Entrepreneurs,,This Pin was discovered by Fer Arza Sacco. Discover (and save!) your own Pins on Pinterest,https://sites.google.com/view/socialglowstudio/?q=a+woman+is+smiling+while+looking+at+her+cell+phone+in+front+of+a+green+background+%E2%9C%A8433,2026-02-03 08:57:00,"social media design graphics,social media design inspiration,social media designs,social media design ideas,social media design graphics posts,social media design post,social media design ads,social media design background,social media design template,social media design graphics marketing",https://www.pinterest.com/pin/70437489133727/
"Sushi Design Ideas, Feed Instagram Food Design, Food Product Poster, Food Poster Ideas, Menu Design Restaurant, Dimsum Poster Design, Flyer Makanan, Food Poster Design Graphics, Ramadan Food Delivery ‚ú®374",https://i.pinimg.com/236x/f3/50/8c/f3508c8f954ada3cd5687aeb65e234e3.jpg,Modern Canva Templates for Entrepreneurs,,"Jul 1, 2025 - üçΩÔ∏è‚ú® Looking for a free Instagram Canva template perfect for your restaurant? This stylish and easy-to-edit design helps you create eye-catching posts and stories to showcase your menu and attract new customers.üé® Quickly customize with your photos, logo,...",https://sites.google.com/view/socialglowstudio/?q=Sushi+Design+Ideas%2C+Feed+Instagram+Food+Design%2C+Food+Product+Poster%2C+Food+Poster+Ideas%2C+Menu+Design+Restaurant%2C+Dimsum+Poster+Design%2C+Flyer+Makanan%2C+Food+Poster+Design+Graphics%2C+Ramadan+Food+Delivery+%E2%9C%A8374,2026-02-03 10:55:00,"social media design graphics,social media design inspiration,social media designs,social media design ideas,social media design graphics posts,social media design post,social media design ads,social media design background,social media design template,social media design graphics marketing",https://www.pinterest.com/pin/17662623533702641/
the social media post is shown with different images ‚ú®288,https://i.pinimg.com/236x/a9/7c/03/a97c0334d96fdc281cbaaf1893916842.jpg,Modern Canva Templates for Entrepreneurs,,"Click here and download 30658+ different graphic Social Media Templates. Windows, Mac, Linux ‚úì Licence included with all files ‚úì",https://sites.google.com/view/socialglowstudio/?q=the+social+media+post+is+shown+with+different+images+%E2%9C%A8288,2026-02-03 12:30:00,"social media design graphics,social media design inspiration,social media designs,social media design ideas,social media design graphics posts,social media design post,social media design ads,social media design background,social media design template,social media design graphics marketing",https://www.pinterest.com/pin/746964288358190629/
"an advertisement for a car detailing company with blue and black graphics on the front, two men ‚ú®546",https://i.pinimg.com/236x/ba/1c/07/ba1c078704143b43b8d12e478b5ba078.jpg,Modern Canva Templates for Entrepreneurs,,"Jul 5, 2025 - Instagram is a huge social network with over 1 million activeusers ‚Äì a user base that is continuing to grow even now with no signs of slowing down. It is quick to manage thanks to its largely visual nature, and has some of the best engagement on the web.Many companies use Instagram to boost their products and services ‚Ä¶",https://sites.google.com/view/socialglowstudio/?q=an+advertisement+for+a+car+detailing+company+with+blue+and+black+graphics+on+the+front%2C+two+men+%E2%9C%A8546,2026-02-03 14:11:00,"social media design graphics,social media design inspiration,social media designs,social media design ideas,social media design graphics posts,social media design post,social media design ads,social media design background,social media design template,social media design graphics marketing",https://www.pinterest.com/pin/12947917675159082/
"Post Design. The Flow of Solacea üåê #AutomateYourLife #EfficientAutomation #StreamlineYourTasks #SimplifyYourRoutine #TimeSavingAutomation.. Instagram Product Post Ideas, Instagram Campaign Post Ideas, Giveaway Aesthetic Post, Beauty Social Media Post Design, Beauty Social Media Design, Beauty Brand Social Media Post, Cosmetics Social Media, Cosmetics Social Media Post, Beauty Product Social Media Post ‚ú®551",https://i.pinimg.com/236x/79/d0/2c/79d02cd68d9d0810770bf05d80785aec.jpg,Modern Canva Templates for Entrepreneurs,,How Make.com Revolutionizes Both Business and Daily Tasks,https://sites.google.com/view/socialglowstudio/?q=Post+Design.+The+Flow+of+Solacea+%F0%9F%8C%90+%23AutomateYourLife+%23EfficientAutomation+%23StreamlineYourTasks+%23SimplifyYourRoutine+%23TimeSavingAutomation..+Instagram+Product+Post+Ideas%2C+Instagram+Campaign+Post+Ideas%2C+Giveaway+Aesthetic+Post%2C+Beauty+Social+Media+Post+Design%2C+Beauty+Social+Media+Design%2C+Beauty+Brand+Social+Media+Post%2C+Cosmetics+Social+Media%2C+Cosmetics+Social+Media+Post%2C+Beauty+Product+Social+Media+Post+%E2%9C%A8551,2026-02-03 16:09:00,"social media design graphics,social media design inspiration,social media designs,social media design ideas,social media design graphics posts,social media design post,social media design ads,social media design background,social media design template,social media design graphics marketing",https://www.pinterest.com/pin/795307615484521777/
Social media post ‚ú®280,https://i.pinimg.com/236x/69/c0/23/69c023bcb57be4466dd2139ebd372b75.jpg,Modern Canva Templates for Entrepreneurs,,"Advertising, Graphic Design, Illustration, Adobe Photoshop, Adobe Illustrator, Adobe Stock",https://sites.google.com/view/socialglowstudio/?q=Social+media+post+%E2%9C%A8280,2026-02-03 17:59:00,"social media design graphics,social media design inspiration,social media designs,social media design ideas,social media design graphics posts,social media design post,social media design ads,social media design background,social media design template,social media design graphics marketing",https://www.pinterest.com/pin/404479610304964765/
"Looking ahead to 2025? This pin explores fresh, innovative Instagram feed ideas to keep your content captivating and ahead of the curve. Discover trending aesthetics, engaging formats, and strategic posting techniques to maximize your reach and grow your audience. From bold visuals to interactive stories, find inspiration to elevate your Instagram presence in the new year and beyond. Get ahead of the game ‚Äì plan your 2025 Instagram feed now. Feed Post Ideas, Template Instagram Post, Instagram Feed Ideas Business, Social Media Feed Design, Shop Banner Design Ideas, Nike Instagram Feed, Event Instagram Feed, Brand Instagram Feed Ideas, Post Instagram Design ‚ú®674",https://i.pinimg.com/236x/df/15/32/df153244956464836801459c2b596dfc.jpg,Modern Canva Templates for Entrepreneurs,,"18 nov 2024 - Instagram is a huge social network with over 1 million activeusers ‚Äì a user base that is continuing to grow even now with no signs of slowing down. It is quick to manage thanks to its largely visual nature, and has some of the best engagement on the web.Many companies use Instagram to boost their products and services ‚Ä¶",https://sites.google.com/view/socialglowstudio/?q=Looking+ahead+to+2025%3F+This+pin+explores+fresh%2C+innovative+Instagram+feed+ideas+to+keep+your+content+captivating+and+ahead+of+the+curve.+Discover+trending+aesthetics%2C+engaging+formats%2C+and+strategic+posting+techniques+to+maximize+your+reach+and+grow+your+audience.+From+bold+visuals+to+interactive+stories%2C+find+inspiration+to+elevate+your+Instagram+presence+in+the+new+year+and+beyond.+Get+ahead+of+the+game+%E2%80%93+plan+your+2025+Instagram+feed+now.+Feed+Post+Ideas%2C+Template+Instagram+Post%2C+Instagram+Feed+Ideas+Business%2C+Social+Media+Feed+Design%2C+Shop+Banner+Design+Ideas%2C+Nike+Instagram+Feed%2C+Event+Instagram+Feed%2C+Brand+Instagram+Feed+Ideas%2C+Post+Instagram+Design+%E2%9C%A8674,2026-02-03 19:29:00,"social media design graphics,social media design inspiration,social media designs,social media design ideas,social media design graphics posts,social media design post,social media design ads,social media design background,social media design template,social media design graphics marketing",https://www.pinterest.com/pin/114208540547361830/
a white poster with the words'70 killer content ideas to post on social media ‚ú®746,https://i.pinimg.com/236x/cd/60/72/cd6072bf41e418d8447b305354723e18.jpg,Modern Canva Templates for Entrepreneurs,,"Mar 7, 2025 - My name is Alena. I am an artist. The main theme of my work is female beauty.",https://sites.google.com/view/socialglowstudio/?q=a+white+poster+with+the+words%2770+killer+content+ideas+to+post+on+social+media+%E2%9C%A8746,2026-02-03 21:29:00,"social media design graphics,social media design inspiration,social media designs,social media design ideas,social media design graphics posts,social media design post,social media design ads,social media design background,social media design template,social media design graphics marketing",https://www.pinterest.com/pin/1025061565190098094/
a white poster with the words how to create a killer social media marketing strategy on it ‚ú®141,https://i.pinimg.com/236x/7a/87/44/7a8744f456a1ee85375030293dec8cf2.jpg,Modern Canva Templates for Entrepreneurs,,"Jan 7, 2025 - Discover how to grow your business with a proven social media marketing strategy that drives real results and improves online sales.",https://sites.google.com/view/socialglowstudio/?q=a+white+poster+with+the+words+how+to+create+a+killer+social+media+marketing+strategy+on+it+%E2%9C%A8141,2026-02-03 23:00:00,"social media design graphics,social media design inspiration,social media designs,social media design ideas,social media design graphics posts,social media design post,social media design ads,social media design background,social media design template,social media design graphics marketing",https://www.pinterest.com/pin/9359111722002078/
an image of the back cover of a magazine or brochure with yellow and black colors ‚ú®388,https://i.pinimg.com/236x/c1/a9/37/c1a9373e734b0d6d7846a249bd5c8b78.jpg,Modern Canva Templates for Entrepreneurs,,"Fiverr freelancer will provide Web Banners services and design web banner kit, ads, hero image, header, and slider including Source file within 1 day",https://sites.google.com/view/socialglowstudio/?q=an+image+of+the+back+cover+of+a+magazine+or+brochure+with+yellow+and+black+colors+%E2%9C%A8388,2026-02-04 00:34:00,"social media design graphics,social media design inspiration,social media designs,social media design ideas,social media design graphics posts,social media design post,social media design ads,social media design background,social media design template,social media design graphics marketing",https://www.pinterest.com/pin/4574037116648540/
"the collage is made up of many different images and words on it, including one woman's face ‚ú®803",https://i.pinimg.com/236x/c2/3c/e9/c23ce9846c6f1e63a9fe5fee092d45ac.jpg,Modern Canva Templates for Entrepreneurs,,"Aug 26, 2025 - This Pin was discovered by anne.. Discover (and save!) your own Pins on Pinterest",https://sites.google.com/view/socialglowstudio/?q=the+collage+is+made+up+of+many+different+images+and+words+on+it%2C+including+one+woman%27s+face+%E2%9C%A8803,2026-02-04 02:08:00,"social media design graphics,social media design inspiration,social media designs,social media design ideas,social media design graphics posts,social media design post,social media design ads,social media design background,social media design template,social media design graphics marketing",https://www.pinterest.com/pin/7177680652337182/
Designing Social Impact: Kamila Machado's Innovative Studio ‚ú®779,https://i.pinimg.com/236x/f9/0c/6f/f90c6f7a06e53cb33ee7b8afadbe7b01.jpg,Modern Canva Templates for Entrepreneurs,,Get instant access to your social media calendar and boost your marketing. Plan your social media content with a calendar and skyrocket your business.,https://sites.google.com/view/socialglowstudio/?q=Designing+Social+Impact%3A+Kamila+Machado%27s+Innovative+Studio+%E2%9C%A8779,2026-02-04 04:00:00,"social media design graphics,social media design inspiration,social media designs,social media design ideas,social media design graphics posts,social media design post,social media design ads,social media design background,social media design template,social media design graphics marketing",https://www.pinterest.com/pin/49750770880062638/
the back cover of an electronic device with various images and text on it's side ‚ú®513,https://i.pinimg.com/236x/f1/73/ae/f173aebecd9b897c810ce01f5b8a4425.jpg,Modern Canva Templates for Entrepreneurs,,"80 INSTAGRAM POST & STORY TEMPLATES 100% EDITABLE and CUSTOMIZABLE CANVA Templates for Instagram, Facebook, LinkedIn or any other social media platform. Perfect",https://sites.google.com/view/socialglowstudio/?q=the+back+cover+of+an+electronic+device+with+various+images+and+text+on+it%27s+side+%E2%9C%A8513,2026-02-04 05:50:00,"social media design graphics,social media design inspiration,social media designs,social media design ideas,social media design graphics posts,social media design post,social media design ads,social media design background,social media design template,social media design graphics marketing",https://www.pinterest.com/pin/1029776271027558641/
a flyer for a burger restaurant ‚ú®940,https://i.pinimg.com/236x/ed/64/76/ed6476a03d12c57126df49505713514d.jpg,Modern Canva Templates for Entrepreneurs,,Download this premium PSD file for a fast food social media post template. Explore more high-quality graphic design resources on Freepik.,https://sites.google.com/view/socialglowstudio/?q=a+flyer+for+a+burger+restaurant+%E2%9C%A8940,2026-02-04 07:32:00,"social media design graphics,social media design inspiration,social media designs,social media design ideas,social media design graphics posts,social media design post,social media design ads,social media design background,social media design template,social media design graphics marketing",https://www.pinterest.com/pin/1548181153145325/
"Nutrition Marketing Ideas, Wellness Advertising, Creative Social Media Ideas, Social Media Post Business, Interactive Social Media, Creative Design Social Media, Wellness Post Ideas, Nutrition Creativ ‚ú®218",https://i.pinimg.com/236x/96/c9/73/96c973cd954fff81c2fa918b743a4dad.jpg,Modern Canva Templates for Entrepreneurs,,This Pin was discovered by Social Media Design by Prof.. Discover (and save!) your own Pins on Pinterest,https://sites.google.com/view/socialglowstudio/?q=Nutrition+Marketing+Ideas%2C+Wellness+Advertising%2C+Creative+Social+Media+Ideas%2C+Social+Media+Post+Business%2C+Interactive+Social+Media%2C+Creative+Design+Social+Media%2C+Wellness+Post+Ideas%2C+Nutrition+Creativ+%E2%9C%A8218,2026-02-04 09:06:00,"social media design graphics,social media design inspiration,social media designs,social media design ideas,social media design graphics posts,social media design post,social media design ads,social media design background,social media design template,social media design graphics marketing",https://www.pinterest.com/pin/30680841208534266/
a purple and black poster with the words find your style and your self on it ‚ú®169,https://i.pinimg.com/236x/66/68/c3/6668c3885cfef05965ca349e417c7eee.jpg,Modern Canva Templates for Entrepreneurs,,Descarga este PSD Premium de Plantilla de feed de publicaci√≥n din√°mica moderna de Instagram y descubre millones de archivos PSD profesionales en Freepik.,https://sites.google.com/view/socialglowstudio/?q=a+purple+and+black+poster+with+the+words+find+your+style+and+your+self+on+it+%E2%9C%A8169,2026-02-04 10:45:00,"social media design graphics,social media design inspiration,social media designs,social media design ideas,social media design graphics posts,social media design post,social media design ads,social media design background,social media design template,social media design graphics marketing",https://www.pinterest.com/pin/2814818511025608/
"the cover art for an upcoming album, which features images of people and words that appear to be in red ‚ú®914",https://i.pinimg.com/236x/30/0f/79/300f7993e592035e11f61a91d24c0c5b.jpg,Modern Canva Templates for Entrepreneurs,,Readys Social Media Kit ~ Web Elements ~ Creative Market,https://sites.google.com/view/socialglowstudio/?q=the+cover+art+for+an+upcoming+album%2C+which+features+images+of+people+and+words+that+appear+to+be+in+red+%E2%9C%A8914,2026-02-04 12:33:00,"social media design graphics,social media design inspiration,social media designs,social media design ideas,social media design graphics posts,social media design post,social media design ads,social media design background,social media design template,social media design graphics marketing",https://www.pinterest.com/pin/1124281494451171934/
an image of some people that are in the green field with avocados on them ‚ú®872,https://i.pinimg.com/236x/93/8c/c8/938cc81944cf6bddcddc74af5c193569.jpg,Modern Canva Templates for Entrepreneurs,,"Feb 8, 2025 - Graphic Design, Advertising, Creative Direction, Adobe Photoshop, Adobe Illustrator",https://sites.google.com/view/socialglowstudio/?q=an+image+of+some+people+that+are+in+the+green+field+with+avocados+on+them+%E2%9C%A8872,2026-02-04 14:06:00,"social media design graphics,social media design inspiration,social media designs,social media design ideas,social media design graphics posts,social media design post,social media design ads,social media design background,social media design template,social media design graphics marketing",https://www.pinterest.com/pin/492649953690920/
the website is designed to look like it has many different types of people in it ‚ú®693,https://i.pinimg.com/236x/42/b9/9d/42b99d10529dc9b54318e44603cc48d3.jpg,Modern Canva Templates for Entrepreneurs,,"Graphic Design, Illustration, Advertising",https://sites.google.com/view/socialglowstudio/?q=the+website+is+designed+to+look+like+it+has+many+different+types+of+people+in+it+%E2%9C%A8693,2026-02-04 15:37:00,"social media design graphics,social media design inspiration,social media designs,social media design ideas,social media design graphics posts,social media design post,social media design ads,social media design background,social media design template,social media design graphics marketing",https://www.pinterest.com/pin/158329743145569440/
dental flyer templates with toothbrushes and smiling people ‚ú®305,https://i.pinimg.com/236x/06/14/8c/06148c70790a7656c4b5db586f6639fd.jpg,Modern Canva Templates for Entrepreneurs,,"Mar 1, 2025 - Everything about I will be your social media manager and personal assistant in one place. Follow and Connect with I will be your social media manager and personal assistant",https://sites.google.com/view/socialglowstudio/?q=dental+flyer+templates+with+toothbrushes+and+smiling+people+%E2%9C%A8305,2026-02-04 17:22:00,"social media design graphics,social media design inspiration,social media designs,social media design ideas,social media design graphics posts,social media design post,social media design ads,social media design background,social media design template,social media design graphics marketing",https://www.pinterest.com/pin/36380709484501958/
the green houseplants social media post template ‚ú®973,https://i.pinimg.com/236x/34/a4/c4/34a4c486d95ff70cb0a636a2a6578cf4.jpg,Modern Canva Templates for Entrepreneurs,,"Looking for Graphic Design Services? Browse Fiverr Freelancers by skills, reviews, and price. Select the right Freelancer to meet your needs and budget.",https://sites.google.com/view/socialglowstudio/?q=the+green+houseplants+social+media+post+template+%E2%9C%A8973,2026-02-04 18:56:00,"social media design graphics,social media design inspiration,social media designs,social media design ideas,social media design graphics posts,social media design post,social media design ads,social media design background,social media design template,social media design graphics marketing",https://www.pinterest.com/pin/206180489185540389/
a woman standing in front of a sign that says seguro empresiaial ‚ú®465,https://i.pinimg.com/236x/88/e1/c7/88e1c71dabbd235bbdfd63e16d79c4ae.jpg,Modern Canva Templates for Entrepreneurs,,"Apr 4, 2025 - ‚Äú‚Äù is published by Taylor Quinn.",https://sites.google.com/view/socialglowstudio/?q=a+woman+standing+in+front+of+a+sign+that+says+seguro+empresiaial+%E2%9C%A8465,2026-02-04 20:45:00,"social media design graphics,social media design inspiration,social media designs,social media design ideas,social media design graphics posts,social media design post,social media design ads,social media design background,social media design template,social media design graphics marketing",https://www.pinterest.com/pin/35465915812869099/
"Pop Art Social Media Design, Editorial Social Media Design, Graphic Designer Instagram, Music Id, Visual Design Inspiration, Mises En Page Design Graphique, Insta Design, Social Media Branding Design, Instagram Visual ‚ú®273",https://i.pinimg.com/236x/b6/85/a1/b685a1194e3f748e6e4410729b8349a9.jpg,Modern Canva Templates for Entrepreneurs,,"Jul 9, 2025 - Create Unique Instagram Highlight Covers! Discover the Best Templates and Designs to Elevate Your Profile!",https://sites.google.com/view/socialglowstudio/?q=Pop+Art+Social+Media+Design%2C+Editorial+Social+Media+Design%2C+Graphic+Designer+Instagram%2C+Music+Id%2C+Visual+Design+Inspiration%2C+Mises+En+Page+Design+Graphique%2C+Insta+Design%2C+Social+Media+Branding+Design%2C+Instagram+Visual+%E2%9C%A8273,2026-02-04 22:25:00,"social media design graphics,social media design inspiration,social media designs,social media design ideas,social media design graphics posts,social media design post,social media design ads,social media design background,social media design template,social media design graphics marketing",https://www.pinterest.com/pin/2040762328594593/
a woman sitting at a table with a computer on it and the words make your social media branding design pop ‚ú®305,https://i.pinimg.com/236x/63/7c/b9/637cb988b87c205134ed99219764a797.jpg,Modern Canva Templates for Entrepreneurs,,"Oct 28, 2025 - Learn 5 crucial tips to make your social media posts visually appealing and consistent! üéØ Use free templates, follow design guidelines, and focus on brand loyalty to stand out. Whether you're crafting ads or posts, these strategies ensure your brand stays recognizable and memorable. Perfect for marketers aiming for cohesive, eye-catching content. üìà #Branding #SocialMediaDesign",https://sites.google.com/view/socialglowstudio/?q=a+woman+sitting+at+a+table+with+a+computer+on+it+and+the+words+make+your+social+media+branding+design+pop+%E2%9C%A8305,2026-02-04 23:57:00,"social media design graphics,social media design inspiration,social media designs,social media design ideas,social media design graphics posts,social media design post,social media design ads,social media design background,social media design template,social media design graphics marketing",https://www.pinterest.com/pin/1013028509943337803/
